[
{"Id":"1","Título":"#shorts Canal da Barra - Terça de Carnaval - Que dia LINDO !","Data Envio":"01/03/2022","Id_Video":"fekC2--1UrY","v":"","sqp":"CJjBsJMG","rs":"AOn4CLDOc6TwrgD0uPSrz_kT48vp_sHgZg"}
,
{"Id":"2","Título":"#shorts Computação Gráfica - Dança de escorpiões - elaborado em C++ e OpenGL","Data Envio":"26/02/2022","Id_Video":"os3tSVgQgKs","v":"621a435a","sqp":"CMjKsJMG","rs":"AOn4CLCgvUIw9yu4gzTU_G-Lkas_X6Ixsg"}
,
{"Id":"3","Título":"#shorts Passaros Quinta Boa Vista","Data Envio":"26/02/2022","Id_Video":"q0NP_-iAEX8","v":"","sqp":"CMjKsJMG","rs":"AOn4CLDLwxCIbeE4KqZOcB6erBd6hZZ6zw"}
,
{"Id":"4","Título":"#shorts Programar é mais fácil depois de aprender a primeira linguagem","Data Envio":"01/03/2022","Id_Video":"Ojb8KDo31SA","v":"621e5f97","sqp":"CJjBsJMG","rs":"AOn4CLAojvqyCnzXsuSMyJ4z5r-V_puULw"}
,
{"Id":"5","Título":"#shorts Transformacao linear no Geogebra","Data Envio":"27/02/2022","Id_Video":"DWzekWiBXIY","v":"621a44e5","sqp":"CMjKsJMG","rs":"AOn4CLDkjnt-Ez1YJEaY3gCJIuPUnMOm4w"}
,
{"Id":"6","Título":"#shorts A importante propriedade Offset do VBA Excel","Data Envio":"03/04/2022","Id_Video":"tDpRNS1JJVo","v":"624a00e1","sqp":"CJjBsJMG","rs":"AOn4CLBbRDkeviy-R1HoHFwz7mym5U7yeg"}
,
{"Id":"7","Título":"#Shorts Aprender Expressoes Regulares 4 Você investe um pouco de tempo e poupa muitas horas","Data Envio":"27/04/2022","Id_Video":"Q2gE3JWtHE8","v":"6268d48a","sqp":"CJjBsJMG","rs":"AOn4CLCZegLXpakGpboJb-W7qxa0jBQbEA"}
,
{"Id":"8","Título":"#shorts Árvore","Data Envio":"17/02/2022","Id_Video":"iFtLiwE_Owo","v":"","sqp":"CJjBsJMG","rs":"AOn4CLAcPogkg8t7TEYvDEKfIn9hlJ9i_w"}
,
{"Id":"9","Título":"#shorts Beija-Flores - Eles não pararam de aparecer por aqui depois que colocamos este bebedouro","Data Envio":"10/04/2022","Id_Video":"N8QucMgaCfc","v":"6254e955","sqp":"CJjBsJMG","rs":"AOn4CLA_mOavPi_0zhmlZMX2a7o_RPnRZg"}
,
{"Id":"10","Título":"#shorts Busca e substituição avançadas + exportação de dados (vídeo 2 - apresentação)","Data Envio":"23/04/2022","Id_Video":"dOBLJ75lDzM","v":"6263e9ec","sqp":"CJjBsJMG","rs":"AOn4CLBdPpoVbLFsV0_weS_aXaxf4qEsxA"}
,
{"Id":"11","Título":"#shorts Camboinhas Niteroi - Que dia LINDO !  🌴🦐🍹🥝🥂 ☀️🌞🍉⛱️🏖️❤️🇧🇷","Data Envio":"01/03/2022","Id_Video":"UfJHX2YtIxM","v":"62243fa7","sqp":"CJjBsJMG","rs":"AOn4CLAAMzAOS4RvdhXxprmXI8r6G_UgtA"}
,
{"Id":"12","Título":"#shorts Caminho para Paraty RJ","Data Envio":"25/03/2022","Id_Video":"rTpMUo97vaU","v":"625d33e7","sqp":"CJjBsJMG","rs":"AOn4CLCKkJvo_Yh5obrCzn_m7avjDLYL-A"}
,
{"Id":"13","Título":"#shorts Carnaval 2022 - Passeio em Copacabana","Data Envio":"26/02/2022","Id_Video":"JGf1u3bR0nw","v":"","sqp":"CJjBsJMG","rs":"AOn4CLAXC-c1Ev6KD_zLPcA-FwGRbkw2rw"}
,
{"Id":"14","Título":"#shorts Carnaval 2022 - Passeio em Copacabana  (3)","Data Envio":"26/02/2022","Id_Video":"Ly8-EoN5iXo","v":"","sqp":"CJjBsJMG","rs":"AOn4CLCK49nAerqJwcZXUBDjbLy82DaSdQ"}
,
{"Id":"15","Título":"#shorts Ceu Azul e praia cheia em Camboinhas Niteroi Rio de Janeiro 🌴🦐🍹🥝🥂 ☀️🌞🍉⛱️🏖️❤️🇧🇷","Data Envio":"01/03/2022","Id_Video":"TD9icfIhT_o","v":"621f62bc","sqp":"CJjBsJMG","rs":"AOn4CLDJid_FatFSYGzXXE0pqlhTefdTyg"}
,
{"Id":"16","Título":"#shorts Ilha da Boa Viagem","Data Envio":"28/02/2022","Id_Video":"NKF71Qklafg","v":"","sqp":"CJjBsJMG","rs":"AOn4CLAma1kzUQANn8Ne1oyplSDmYPNA_g"}
,
{"Id":"17","Título":"#shorts Mirante da Vista Chinesa RJ","Data Envio":"08/04/2022","Id_Video":"dyvFG3akyI0","v":"62502302","sqp":"CJjBsJMG","rs":"AOn4CLBYzxiV7BAI-5ZncPDgJXIajeAS7Q"}
,
{"Id":"18","Título":"#shorts Nuvens Clouds","Data Envio":"27/02/2022","Id_Video":"21nQh88DrxM","v":"621bf2e7","sqp":"CJjBsJMG","rs":"AOn4CLDpax1ngO77Fx7b40BTmnrDf0-yXA"}
,
{"Id":"19","Título":"#shorts Passeio no Arpoador RJ","Data Envio":"26/02/2022","Id_Video":"lioUk4O_SWo","v":"","sqp":"CJjBsJMG","rs":"AOn4CLAECxrPc_13Sx_DwwKFgVxW0rfLOw"}
,
{"Id":"20","Título":"#shorts Praia da Joatinga","Data Envio":"28/11/2021","Id_Video":"NpB99CvyI3M","v":"62243ee5","sqp":"CJjBsJMG","rs":"AOn4CLCGEa8zuHPAE1kx37Iqj-ABeRY_Tw"}
,
{"Id":"21","Título":"#shorts Praia de Copacabana RJ","Data Envio":"27/02/2022","Id_Video":"U7amt98A88s","v":"62243f89","sqp":"CJjBsJMG","rs":"AOn4CLC_HwfevkgNuSV3YGkj5OPLOgM1Gw"}
,
{"Id":"22","Título":"#shorts Trindade e Praia de São Gonçalo - Paraty RJ","Data Envio":"06/04/2022","Id_Video":"6ZYcUP7Etgo","v":"624e4d4e","sqp":"CJjBsJMG","rs":"AOn4CLCzqn4oZRYUKuuNtEsgTlzu1H9iqg"}
,
{"Id":"23","Título":"#shorts Urca RJ","Data Envio":"13/02/2022","Id_Video":"gX6E4S0Bd8A","v":"","sqp":"CJjBsJMG","rs":"AOn4CLDnHjlKRoXX-_jIyIS6pZQYqIjBVA"}
,
{"Id":"24","Título":"#shorts Voo Livre Asa Delta Pedra Bonita RJ","Data Envio":"27/02/2022","Id_Video":"LFtmgI7oa_A","v":"622441d2","sqp":"CJjBsJMG","rs":"AOn4CLDTPsTlnpt43l2gJ-zk0nR3giW25Q"}
,
{"Id":"25","Título":"#shorts 🌴🥝🥂 🌞🍉⛱️Praia Vermelha Urca RJ ❤️🇧🇷","Data Envio":"28/02/2022","Id_Video":"wYDZ-HWyAdQ","v":"","sqp":"CJjBsJMG","rs":"AOn4CLBmqPjmm0bArNdo6Vv9SvAZVkLuSQ"}
,
{"Id":"26","Título":"Anoitecer no Mirante do Pontal do Atalaia","Data Envio":"02/04/2022","Id_Video":"n4qKYxTn6js","v":"6248dd50","sqp":"CMjKsJMG","rs":"AOn4CLAeXFcjpTl6M3XCACjLqa9jj2YofQ"}
,
{"Id":"27","Título":"Apresentação do Canal Sistematologica (atualizado em 28-02-2022)","Data Envio":"28/02/2022","Id_Video":"U6BdnK8MwZk","v":"621c674b","sqp":"CJjBsJMG","rs":"AOn4CLA112G86TyzmuRH87-ivJ-K1oxAlA"}
,
{"Id":"28","Título":"Boiada na Estrada para Paraty","Data Envio":"11/04/2022","Id_Video":"YqqDCGGzyXU","v":"","sqp":"CJjBsJMG","rs":"AOn4CLAtcJkT5dfU0wd_VipcVrQirh2-gw"}
,
{"Id":"29","Título":"Carnaval 2022 - Orla Flamengo e Botafogo RJ","Data Envio":"27/02/2022","Id_Video":"3Yx3Rhttxo4","v":"","sqp":"CJjBsJMG","rs":"AOn4CLBk6Yc7bUHqkosV7MhrZx-aJEKynQ"}
,
{"Id":"30","Título":"Carnaval 2022 Copacabana RJ","Data Envio":"27/02/2022","Id_Video":"cWGXBrtRmNA","v":"","sqp":"CJjBsJMG","rs":"AOn4CLAt8x1XYYvJ9kNeMBRM4Hx23e094Q"}
,
{"Id":"31","Título":"Como copiar tabelas do Word para Excel utilizando uma simples macro VBA","Data Envio":"18/04/2022","Id_Video":"EULmUWCQfIs","v":"625f0162","sqp":"CJjBsJMG","rs":"AOn4CLBl73baBqZxYJMTDCwN0bzT6lrJyA"}
,
{"Id":"32","Título":"Como extrair dados usando busca por expressões regulares no Notepad++ (Apresentação)","Data Envio":"25/04/2022","Id_Video":"GFPev6bIXeU","v":"6266618d","sqp":"CJjBsJMG","rs":"AOn4CLBZnuvN4SdisHamGV81-f8hO5H0oA"}
,
{"Id":"33","Título":"Dados em texto do Word para planilha Excel usando apenas busca e substituição","Data Envio":"18/04/2022","Id_Video":"zcpzbeiPbgA","v":"625cedca","sqp":"CJjBsJMG","rs":"AOn4CLCj9uKnH7g8AvTbIfC8am9GOsekRg"}
,
{"Id":"34","Título":"Deep Learning : Deformable DETR","Data Envio":"24/09/2021","Id_Video":"IGY5BVdSpLQ","v":"","sqp":"CJjBsJMG","rs":"AOn4CLBU0jGjj3D19GmEUVQ68YV01S0S5Q"}
,
{"Id":"35","Título":"Deep Learning : DETR End to End Object Detection With Transformers","Data Envio":"09/03/2022","Id_Video":"FcGv2M925NI","v":"6226aff9","sqp":"CJjBsJMG","rs":"AOn4CLBcQws7J-7w4gh-9f1PY1CCCyeeRA"}
,
{"Id":"36","Título":"Dica para destacar trechos de texto do Word em lote","Data Envio":"20/04/2022","Id_Video":"khZTksCYSwc","v":"625f8552","sqp":"CJjBsJMG","rs":"AOn4CLBbKWz22UbA6Y7FsPAp-VaHTslLTQ"}
,
{"Id":"37","Título":"Dica para simplificar a programação em VBA Excel - A utilíssima propriedade Offset","Data Envio":"03/04/2022","Id_Video":"JpIAmXKMha8","v":"6249f49e","sqp":"CJjBsJMG","rs":"AOn4CLAfNPiyFM-YjIAclGN3vMdSUueU7A"}
,
{"Id":"38","Título":"Disputa territorial pelo domínio do bebedouro","Data Envio":"23/04/2022","Id_Video":"jUiNVIE_Flg","v":"626427ab","sqp":"CJjBsJMG","rs":"AOn4CLA4VatIYOud1MGVjrBSP8Np3U2N-Q"}
,
{"Id":"39","Título":"Editores gratuitos e simples para programar online","Data Envio":"20/02/2022","Id_Video":"wMmDD52nr8w","v":"6212bc66","sqp":"CJjBsJMG","rs":"AOn4CLBV4DBRGQuUqx-rIuzlbsy90ZcSzw"}
,
{"Id":"40","Título":"Eles não pararam de aparecer por aqui depois que colocamos este bebedouro","Data Envio":"10/04/2022","Id_Video":"yPnkJDHCBDc","v":"62538883","sqp":"CJjBsJMG","rs":"AOn4CLCxD_w3Bo8FVBQR7mbcULkWCIchhg"}
,
{"Id":"41","Título":"Gravacao Automatica Macros VBA Word Excel","Data Envio":"27/04/2022","Id_Video":"DCTzs-_YhpY","v":"6269f6e1","sqp":"CJjBsJMG","rs":"AOn4CLDINiraqN5pHfdJjCG-KH6knSh7nw"}
,
{"Id":"42","Título":"Ilha do Japonês Cabo Frio - caminhada pela areia","Data Envio":"14/04/2022","Id_Video":"guVptJ7QzCA","v":"6258b3f4","sqp":"CJjBsJMG","rs":"AOn4CLA82bcWynejurxijQBvw66eK4hc_w"}
,
{"Id":"43","Título":"Integrando Weka Com Python - DataSet Iris","Data Envio":"04/03/2022","Id_Video":"q9jwZheYq7o","v":"6222a1e7","sqp":"CJjBsJMG","rs":"AOn4CLCAZBGJ-9EltmerK6suzfZkqZO6Ew"}
,
{"Id":"44","Título":"Mirante da Vista Chinesa RJ","Data Envio":"08/04/2022","Id_Video":"gkSghCl9L74","v":"624fb114","sqp":"CMjKsJMG","rs":"AOn4CLBhFsk__hLoQieaHfWGjrUd1U0pDw"}
,
{"Id":"45","Título":"Mirante Dona Marta RJ ( one of the most beautiful viewpoints in the world !)","Data Envio":"24/03/2022","Id_Video":"KVAP_fxNciE","v":"623df73c","sqp":"CMjKsJMG","rs":"AOn4CLB5EZk_9P1jCSzyrD2hHNlC2Lw1UQ"}
,
{"Id":"46","Título":"Mirante Pontal Atalaia Arraial Cabo RJ","Data Envio":"16/04/2022","Id_Video":"i-TUMfqNkc0","v":"625a9075","sqp":"CJjBsJMG","rs":"AOn4CLDg6bz5j0efMno3TXgJG7z-JzZn5Q"}
,
{"Id":"47","Título":"Modelo Genérico Preenchimento Automatizado Excel Com VBA","Data Envio":"04/04/2022","Id_Video":"S-LFHsaZeOQ","v":"624a736a","sqp":"CJjBsJMG","rs":"AOn4CLBEDwFzz98dXFttEFfRIfSXnlmC3A"}
,
{"Id":"48","Título":"Perca um pouco de tempo aprendendo Expressões Regulares e VBA e poupará tempo em seus trabalhos","Data Envio":"27/04/2022","Id_Video":"24_ijhnd3Pg","v":"6268b500","sqp":"CJjBsJMG","rs":"AOn4CLAPGwbj6xb2gCuZbL15AZ-aXYB-Nw"}
,
{"Id":"49","Título":"Praia de Copacabana RJ","Data Envio":"27/02/2022","Id_Video":"SVe7p5Foz60","v":"62243f36","sqp":"CJjBsJMG","rs":"AOn4CLAcuisD7osZG0kKbLrvF_smnLV24g"}
,
{"Id":"50","Título":"Praia Grande - Paraty - RJ","Data Envio":"13/03/2022","Id_Video":"PWFZWN3cnKs","v":"","sqp":"CJjBsJMG","rs":"AOn4CLAE4G8Q6qZQEcJJHfS0-aQOeHnqJg"}
,
{"Id":"51","Título":"Preencher Word com dados do Excel ( útil para mala direta por exemplo )","Data Envio":"27/04/2022","Id_Video":"6AqxvoARUIU","v":"62180b5b","sqp":"CJjBsJMG","rs":"AOn4CLBmT0_WoC_7Rj5fIEXoC4iMwxMPcQ"}
,
{"Id":"52","Título":"Rede Neural Simples com Excel","Data Envio":"25/02/2022","Id_Video":"wa6sqdpQ6oY","v":"62174cc4","sqp":"CJjBsJMG","rs":"AOn4CLBx6Y8o0lX3rVikjcYWO0wNOTsP_A"}
,
{"Id":"53","Título":"Série Pássaros","Data Envio":"24/04/2022","Id_Video":"9RRkmoTzytU","v":"62658257","sqp":"CJjBsJMG","rs":"AOn4CLAXYX3UEZEAMjcMPiVGZIlsmjEYjA"}
,
{"Id":"54","Título":"Serra Negra SP","Data Envio":"28/03/2022","Id_Video":"2G4RRrW6Wrg","v":"62426389","sqp":"CJjBsJMG","rs":"AOn4CLDo3x4hwp4Ex63fHrmakHTm0LS6Pw"}
,
{"Id":"55","Título":"Seven Segments Display","Data Envio":"11/03/2022","Id_Video":"drhBZeNGZW8","v":"622ad2de","sqp":"CMjKsJMG","rs":"AOn4CLD9PPwmrdTQb6aEfF1HTr9BBw8Z4Q"}
,
{"Id":"56","Título":"Tartarugas em Boa Viagem","Data Envio":"01/03/2022","Id_Video":"awiTUt7urCk","v":"621f6517","sqp":"CJjBsJMG","rs":"AOn4CLAfNSGTS-vy1kRdTNsbQEh6MAZ2_g"}
,
{"Id":"57","Título":"Trindade e Praia de São Gonçalo - Paraty RJ","Data Envio":"07/04/2022","Id_Video":"ASyhOdPsoic","v":"624e3398","sqp":"CJjBsJMG","rs":"AOn4CLBzIavqWCLhX25Zg2iXUhKQq9jkeA"}
,
{"Id":"58","Título":"VBA Macro to format Word Document","Data Envio":"11/03/2022","Id_Video":"lOjoGF-D1aE","v":"622ace8c","sqp":"CJjBsJMG","rs":"AOn4CLCjxuqWhnW2Hd4vQxpRN4XO0hRplw"}
,
{"Id":"59","Título":"🇧🇷🪂❤️Asa Delta Pedra Bonita RJ","Data Envio":"11/03/2022","Id_Video":"ff8ONEkaFTs","v":"622ad61a","sqp":"CJjBsJMG","rs":"AOn4CLCfqF7hWEkffhT8vTk0ZTWl7IfLoQ"}
,
{"Id":"60","Título":"🌴🦐🥝 ☀️🍉⛱️ Praia de Camboinhas - Niteroi - RJ ❤️🇧🇷","Data Envio":"01/03/2022","Id_Video":"OzAoiz3-ZH4","v":"621f66eb","sqp":"CJjBsJMG","rs":"AOn4CLDYmFF6t3VvbLJjoKkHt67B-7J_gw"}

]
